Date,Year,Month,Day
2024-01-01,2024,January,1
2024-01-02,2024,January,2
2024-01-03,2024,January,3
2024-01-04,2024,January,4
2024-01-05,2024,January,5
2024-01-06,2024,January,6
2024-01-07,2024,January,7
2024-01-08,2024,January,8
2024-01-09,2024,January,9
2024-01-10,2024,January,10
2024-01-11,2024,January,11
2024-01-12,2024,January,12
2024-01-13,2024,January,13
2024-01-14,2024,January,14
2024-01-15,2024,January,15
2024-01-16,2024,January,16
2024-01-17,2024,January,17
2024-01-18,2024,January,18
2024-01-19,2024,January,19
2024-01-20,2024,January,20
2024-01-21,2024,January,21
2024-01-22,2024,January,22
2024-01-23,2024,January,23
2024-01-24,2024,January,24
2024-01-25,2024,January,25
2024-01-26,2024,January,26
2024-01-27,2024,January,27
2024-01-28,2024,January,28
2024-01-29,2024,January,29
2024-01-30,2024,January,30
2024-01-31,2024,January,31
2024-02-01,2024,February,1
2024-02-02,2024,February,2
2024-02-03,2024,February,3
2024-02-04,2024,February,4
2024-02-05,2024,February,5
2024-02-06,2024,February,6
2024-02-07,2024,February,7
2024-02-08,2024,February,8
2024-02-09,2024,February,9
2024-02-10,2024,February,10
2024-02-11,2024,February,11
2024-02-12,2024,February,12
2024-02-13,2024,February,13
2024-02-14,2024,February,14
2024-02-15,2024,February,15
2024-02-16,2024,February,16
2024-02-17,2024,February,17
2024-02-18,2024,February,18
2024-02-19,2024,February,19
2024-02-20,2024,February,20
2024-02-21,2024,February,21
2024-02-22,2024,February,22
2024-02-23,2024,February,23
2024-02-24,2024,February,24
2024-02-25,2024,February,25
2024-02-26,2024,February,26
2024-02-27,2024,February,27
2024-02-28,2024,February,28
2024-02-29,2024,February,29
2024-03-01,2024,March,1
2024-03-02,2024,March,2
2024-03-03,2024,March,3
2024-03-04,2024,March,4
2024-03-05,2024,March,5
2024-03-06,2024,March,6
2024-03-07,2024,March,7
2024-03-08,2024,March,8
2024-03-09,2024,March,9
2024-03-10,2024,March,10
2024-03-11,2024,March,11
2024-03-12,2024,March,12
2024-03-13,2024,March,13
2024-03-14,2024,March,14
2024-03-15,2024,March,15
2024-03-16,2024,March,16
2024-03-17,2024,March,17
2024-03-18,2024,March,18
2024-03-19,2024,March,19
2024-03-20,2024,March,20
2024-03-21,2024,March,21
2024-03-22,2024,March,22
2024-03-23,2024,March,23
2024-03-24,2024,March,24
2024-03-25,2024,March,25
2024-03-26,2024,March,26
2024-03-27,2024,March,27
2024-03-28,2024,March,28
2024-03-29,2024,March,29
2024-03-30,2024,March,30
2024-03-31,2024,March,31
2024-04-01,2024,April,1
2024-04-02,2024,April,2
2024-04-03,2024,April,3
2024-04-04,2024,April,4
2024-04-05,2024,April,5
2024-04-06,2024,April,6
2024-04-07,2024,April,7
2024-04-08,2024,April,8
2024-04-09,2024,April,9
2024-04-10,2024,April,10
2024-04-11,2024,April,11
2024-04-12,2024,April,12
2024-04-13,2024,April,13
2024-04-14,2024,April,14
2024-04-15,2024,April,15
2024-04-16,2024,April,16
2024-04-17,2024,April,17
2024-04-18,2024,April,18
2024-04-19,2024,April,19
2024-04-20,2024,April,20
2024-04-21,2024,April,21
2024-04-22,2024,April,22
2024-04-23,2024,April,23
2024-04-24,2024,April,24
2024-04-25,2024,April,25
2024-04-26,2024,April,26
2024-04-27,2024,April,27
2024-04-28,2024,April,28
2024-04-29,2024,April,29
2024-04-30,2024,April,30
2024-05-01,2024,May,1
2024-05-02,2024,May,2
2024-05-03,2024,May,3
2024-05-04,2024,May,4
2024-05-05,2024,May,5
2024-05-06,2024,May,6
2024-05-07,2024,May,7
2024-05-08,2024,May,8
2024-05-09,2024,May,9
2024-05-10,2024,May,10
2024-05-11,2024,May,11
2024-05-12,2024,May,12
2024-05-13,2024,May,13
2024-05-14,2024,May,14
2024-05-15,2024,May,15
2024-05-16,2024,May,16
2024-05-17,2024,May,17
2024-05-18,2024,May,18
2024-05-19,2024,May,19
2024-05-20,2024,May,20
2024-05-21,2024,May,21
2024-05-22,2024,May,22
2024-05-23,2024,May,23
2024-05-24,2024,May,24
2024-05-25,2024,May,25
2024-05-26,2024,May,26
2024-05-27,2024,May,27
2024-05-28,2024,May,28
2024-05-29,2024,May,29
2024-05-30,2024,May,30
2024-05-31,2024,May,31
2024-06-01,2024,June,1
2024-06-02,2024,June,2
2024-06-03,2024,June,3
2024-06-04,2024,June,4
2024-06-05,2024,June,5
2024-06-06,2024,June,6
2024-06-07,2024,June,7
2024-06-08,2024,June,8
2024-06-09,2024,June,9
2024-06-10,2024,June,10
2024-06-11,2024,June,11
2024-06-12,2024,June,12
2024-06-13,2024,June,13
2024-06-14,2024,June,14
2024-06-15,2024,June,15
2024-06-16,2024,June,16
2024-06-17,2024,June,17
2024-06-18,2024,June,18
2024-06-19,2024,June,19
2024-06-20,2024,June,20
2024-06-21,2024,June,21
2024-06-22,2024,June,22
2024-06-23,2024,June,23
2024-06-24,2024,June,24
2024-06-25,2024,June,25
2024-06-26,2024,June,26
2024-06-27,2024,June,27
2024-06-28,2024,June,28
2024-06-29,2024,June,29
2024-06-30,2024,June,30
2024-07-01,2024,July,1
2024-07-02,2024,July,2
2024-07-03,2024,July,3
2024-07-04,2024,July,4
2024-07-05,2024,July,5
2024-07-06,2024,July,6
2024-07-07,2024,July,7
2024-07-08,2024,July,8
2024-07-09,2024,July,9
2024-07-10,2024,July,10
2024-07-11,2024,July,11
2024-07-12,2024,July,12
2024-07-13,2024,July,13
2024-07-14,2024,July,14
2024-07-15,2024,July,15
2024-07-16,2024,July,16
2024-07-17,2024,July,17
2024-07-18,2024,July,18
2024-07-19,2024,July,19
2024-07-20,2024,July,20
2024-07-21,2024,July,21
2024-07-22,2024,July,22
2024-07-23,2024,July,23
2024-07-24,2024,July,24
2024-07-25,2024,July,25
2024-07-26,2024,July,26
2024-07-27,2024,July,27
2024-07-28,2024,July,28
2024-07-29,2024,July,29
2024-07-30,2024,July,30
2024-07-31,2024,July,31
2024-08-01,2024,August,1
2024-08-02,2024,August,2
2024-08-03,2024,August,3
2024-08-04,2024,August,4
2024-08-05,2024,August,5
2024-08-06,2024,August,6
2024-08-07,2024,August,7
2024-08-08,2024,August,8
2024-08-09,2024,August,9
2024-08-10,2024,August,10
2024-08-11,2024,August,11
2024-08-12,2024,August,12
2024-08-13,2024,August,13
2024-08-14,2024,August,14
2024-08-15,2024,August,15
2024-08-16,2024,August,16
2024-08-17,2024,August,17
2024-08-18,2024,August,18
2024-08-19,2024,August,19
2024-08-20,2024,August,20
2024-08-21,2024,August,21
2024-08-22,2024,August,22
2024-08-23,2024,August,23
2024-08-24,2024,August,24
2024-08-25,2024,August,25
2024-08-26,2024,August,26
2024-08-27,2024,August,27
2024-08-28,2024,August,28
2024-08-29,2024,August,29
2024-08-30,2024,August,30
2024-08-31,2024,August,31
2024-09-01,2024,September,1
2024-09-02,2024,September,2
2024-09-03,2024,September,3
2024-09-04,2024,September,4
2024-09-05,2024,September,5
2024-09-06,2024,September,6
2024-09-07,2024,September,7
2024-09-08,2024,September,8
2024-09-09,2024,September,9
2024-09-10,2024,September,10
2024-09-11,2024,September,11
2024-09-12,2024,September,12
2024-09-13,2024,September,13
2024-09-14,2024,September,14
2024-09-15,2024,September,15
2024-09-16,2024,September,16
2024-09-17,2024,September,17
2024-09-18,2024,September,18
2024-09-19,2024,September,19
2024-09-20,2024,September,20
2024-09-21,2024,September,21
2024-09-22,2024,September,22
2024-09-23,2024,September,23
2024-09-24,2024,September,24
2024-09-25,2024,September,25
2024-09-26,2024,September,26
2024-09-27,2024,September,27
2024-09-28,2024,September,28
2024-09-29,2024,September,29
2024-09-30,2024,September,30
2024-10-01,2024,October,1
2024-10-02,2024,October,2
2024-10-03,2024,October,3
2024-10-04,2024,October,4
2024-10-05,2024,October,5
2024-10-06,2024,October,6
2024-10-07,2024,October,7
2024-10-08,2024,October,8
2024-10-09,2024,October,9
2024-10-10,2024,October,10
2024-10-11,2024,October,11
2024-10-12,2024,October,12
2024-10-13,2024,October,13
2024-10-14,2024,October,14
2024-10-15,2024,October,15
2024-10-16,2024,October,16
2024-10-17,2024,October,17
2024-10-18,2024,October,18
2024-10-19,2024,October,19
2024-10-20,2024,October,20
2024-10-21,2024,October,21
2024-10-22,2024,October,22
2024-10-23,2024,October,23
2024-10-24,2024,October,24
2024-10-25,2024,October,25
2024-10-26,2024,October,26
2024-10-27,2024,October,27
2024-10-28,2024,October,28
2024-10-29,2024,October,29
2024-10-30,2024,October,30
2024-10-31,2024,October,31
2024-11-01,2024,November,1
2024-11-02,2024,November,2
2024-11-03,2024,November,3
2024-11-04,2024,November,4
2024-11-05,2024,November,5
2024-11-06,2024,November,6
2024-11-07,2024,November,7
2024-11-08,2024,November,8
2024-11-09,2024,November,9
2024-11-10,2024,November,10
2024-11-11,2024,November,11
2024-11-12,2024,November,12
2024-11-13,2024,November,13
2024-11-14,2024,November,14
2024-11-15,2024,November,15
2024-11-16,2024,November,16
2024-11-17,2024,November,17
2024-11-18,2024,November,18
2024-11-19,2024,November,19
2024-11-20,2024,November,20
2024-11-21,2024,November,21
2024-11-22,2024,November,22
2024-11-23,2024,November,23
2024-11-24,2024,November,24
2024-11-25,2024,November,25
2024-11-26,2024,November,26
2024-11-27,2024,November,27
2024-11-28,2024,November,28
2024-11-29,2024,November,29
2024-11-30,2024,November,30
2024-12-01,2024,December,1
2024-12-02,2024,December,2
2024-12-03,2024,December,3
2024-12-04,2024,December,4
2024-12-05,2024,December,5
2024-12-06,2024,December,6
2024-12-07,2024,December,7
2024-12-08,2024,December,8
2024-12-09,2024,December,9
2024-12-10,2024,December,10
2024-12-11,2024,December,11
2024-12-12,2024,December,12
2024-12-13,2024,December,13
2024-12-14,2024,December,14
2024-12-15,2024,December,15
2024-12-16,2024,December,16
2024-12-17,2024,December,17
2024-12-18,2024,December,18
2024-12-19,2024,December,19
2024-12-20,2024,December,20
2024-12-21,2024,December,21
2024-12-22,2024,December,22
2024-12-23,2024,December,23
2024-12-24,2024,December,24
2024-12-25,2024,December,25
2024-12-26,2024,December,26
2024-12-27,2024,December,27
2024-12-28,2024,December,28
2024-12-29,2024,December,29
2024-12-30,2024,December,30
2024-12-31,2024,December,31
